ID,Nome Completo,Email,CPF,Endereço,Data de Nascimento,Cargo,Empresa,Salário (BRL)
3892,Ian Nascimento,montenegromaria-julia@example.org,097.541.386-48,"Núcleo Heitor Azevedo, 922
Novo Ouro Preto
08782515 Sousa / DF",1980-04-03,Tapeceiro,Vargas Pires e Filhos,566.64
4838,Oliver Leão,aliciaramos@example.org,503.298.147-88,"Largo Freitas, 32
Ademar Maldonado
88595-114 Cassiano da Mata / PE",2005-12-05,Barbeiro,Guerra,212.48
1512,Srta. Ester Borges,thiago80@example.net,370.152.489-05,"Fazenda da Cunha, 84
Chácara Leonina
23625-741 Silveira / GO",1998-12-20,Recepcionista,Vieira da Paz e Filhos,660.56
8513,Brayan Ramos,calebe33@example.com,874.130.629-50,"Trevo de Cavalcanti, 31
São Vicente
01542-285 da Rosa de Minas / GO",1991-02-26,Supervisor,Carvalho,475.28
9893,Apollo da Cunha,santosisaac@example.net,723.946.081-96,"Lagoa Enzo Gabriel Cavalcante, 248
Vila Da Paz
55288-093 Leão / TO",1963-12-18,Guincheiro,Moura,885.27
3410,Daniela Porto,evelyn17@example.com,742.916.835-37,"Passarela Paulo Duarte, 974
Betânia
97545-732 Teixeira / MS",1981-04-19,Cartógrafo,Cardoso,880.12
4648,Srta. Stephany Fernandes,mmacedo@example.net,690.341.257-34,"Colônia Danilo Oliveira, 5
Cenaculo
68347671 Melo / RJ",2007-06-30,Urologista,Câmara,778.01
7738,Srta. Ísis da Cunha,hlima@example.com,289.675.104-11,"Chácara de Barbosa, 8
Alto Das Antenas
24331-662 Sampaio / MA",1982-06-06,Ilustrador,Dias - EI,912.45
1130,Marcos Vinicius Rios,piresmaria-eduarda@example.org,198.376.420-50,"Jardim da Costa, 94
Pindorama
71075119 Viana do Norte / SE",2005-01-13,Historiador,da Paz Ltda.,302.16
1807,Mariah Garcia,ana-clara47@example.org,506.179.834-10,"Praça de da Rocha, 35
Conjunto Lagoa
33971-372 Sousa Verde / RO",2002-08-20,Taifeiro,Ribeiro,396.85
8664,Ana Liz Montenegro,jsiqueira@example.com,498.263.571-46,"Núcleo de Pastor, 57
Ventosa
73379-130 da Paz / PE",1981-12-26,Delegado,Pastor,758.24
3801,Gael Martins,bvieira@example.net,031.452.687-08,"Largo Isabel Fonseca
Mangueiras
38246386 da Costa da Serra / RR",1998-11-25,Ambulante,Lopes S/A,29.36
1110,Benjamin Leão,mmarques@example.org,293.160.458-51,"Ladeira Teixeira, 41
Universo
41562640 da Rosa / SE",1974-03-16,Portuário,Pastor Garcia Ltda.,85.8
4245,Cecilia Cardoso,isis71@example.org,450.712.386-08,"Passarela Almeida, 52
Eymard
05657403 Barbosa do Galho / ES",1970-07-16,Engenheiro florestal,Gomes Nascimento - EI,721.32
2329,Luísa Sousa,anthony13@example.net,731.056.928-86,"Feira Rafael Jesus, 80
Morro Dos Macacos
79695-453 Cavalcante Grande / MS",1997-09-17,Embalador,da Conceição - ME,650.45
7598,Augusto Oliveira,mendoncaanna-liz@example.com,839.261.754-19,"Área Borges, 12
Delta
10000-587 Duarte / BA",1997-08-06,Técnico em aviação,Alves Ltda.,210.03
3751,Ana Vitória Macedo,caleb83@example.org,834.109.752-41,"Jardim Siqueira, 54
Vila União
33689323 Pereira / RS",1990-05-10,Recreador,Moura Cavalcanti S.A.,838.49
6390,Thomas Castro,davi80@example.net,234.908.716-69,"Residencial de Martins, 81
Itapoa
78277-044 Marques / PB",2002-08-09,Lapidário,Pereira S.A.,546.01
7769,Mariana da Conceição,uferreira@example.org,702.415.839-50,"Parque de Casa Grande
Palmares
84544038 da Mata / MT",1993-03-01,Promotor de eventos,Andrade,85.44
7404,João Pedro da Costa,spacheco@example.org,968.725.430-00,"Morro Cirino, 54
Bom Jesus
61162450 Caldeira / PB",1964-04-01,Babá,Nunes Garcia Ltda.,472.74
1965,Sr. Ravi Lucca Machado,maria-fernandapereira@example.org,368.012.794-40,"Residencial de Moreira, 6
Esperança
58084-934 Pastor Grande / MS",1982-05-05,Jogador de golfe,Lopes Viana - EI,816.41
1119,Lara Andrade,nunesgabriel@example.org,150.687.934-93,"Distrito de Rodrigues, 4
Primeiro De Maio
94321-363 Casa Grande / CE",1970-02-10,Médico geneticista,Macedo,654.09
2873,Dr. Gustavo Henrique da Mota,beniciofreitas@example.com,847.623.105-90,"Praça Novaes
Conjunto Bonsucesso
74928765 Cassiano do Oeste / MA",1975-05-30,Cortador de cana-de-açucar,Garcia,169.54
2414,Ana Lívia Silveira,davi-luizrezende@example.com,543.691.278-82,"Praça Ana Laura Duarte, 91
Paulo Vi
88463-559 Costa do Norte / RJ",1963-07-19,Profissional de cinema,Caldeira,435.13
8333,Antony Araújo,talbuquerque@example.com,879.514.630-00,"Rua Eloá Freitas, 5
Vera Cruz
14633712 Caldeira / AP",2002-08-24,Torneiro mecânico,Costela,690.78
6129,Agatha Oliveira,lcardoso@example.net,317.290.854-23,"Trecho Esther Costa, 807
Boa Vista
24373-267 Guerra de Goiás / RJ",2000-01-16,Escoteiro,Correia Oliveira e Filhos,541.08
6672,Sophia Silva,fernando27@example.org,169.402.375-34,"Rodovia Davi Lucas Correia
Vila São Dimas
42386-402 Novais / MG",1990-02-11,Juiz de futebol,Ribeiro e Filhos,895.83
6352,Anthony Dias,luiz-henrique47@example.com,894.207.531-23,"Distrito Moraes, 47
Vila Santa Monica 2ª Seção
61638-227 Monteiro / SE",1976-09-17,Cobrador de pedágio,Garcia Ltda.,928.47
1796,Maria Cecília Silveira,nogueiraantonio@example.net,126.935.708-59,"Pátio Santos, 65
Europa
75341-589 Cassiano / PI",1985-07-03,Geógrafo,Vasconcelos Ltda.,113.0
9708,Antonella Pereira,marqueskamilly@example.org,869.132.475-91,"Viela Benjamin Correia
Pedreira Padro Lopes
07192-494 Alves do Campo / MG",1973-07-08,Jogador de golfe,da Rocha,276.6
3773,Helena da Rosa,antonio14@example.com,947.310.852-41,"Estrada de Cassiano, 52
Primeiro De Maio
14805242 Aragão do Oeste / PI",1975-08-15,Conferente de recebimento,da Cruz,745.54
3917,Sr. Dom Costa,mirella99@example.net,631.957.420-80,"Viaduto de Teixeira, 2
Santa Cruz
17407215 Alves / PB",2001-03-30,Pescador,Fogaça,708.82
7111,Enzo Gabriel Brito,leo65@example.org,032.864.517-62,"Área Diego da Rosa, 38
Vila São Paulo
92020500 Moraes / MG",1965-12-25,Representante comercial,Carvalho,589.07
4488,Rhavi Guerra,pietro08@example.org,823.705.496-29,"Campo de da Mata
Trevo
61157-375 da Luz / AP",1960-09-21,Encanador,Casa Grande,906.25
6830,Anthony Cassiano,novaesdavi-lucas@example.com,703.291.658-95,"Via de Sousa, 2
Custodinha
47294292 Novaes de Minas / AC",1986-02-26,Tecnólogo em silvicultura,Siqueira - ME,336.99
7163,Mariana Cunha,brunoribeiro@example.org,256.183.407-71,"Distrito Pereira, 17
Caetano Furquim
13615559 Siqueira / PR",2004-09-17,Assessor de imprensa,Costela,171.54
9336,Manuela Cunha,ana-carolina30@example.net,923.047.561-07,"Praça Lopes
Horto Florestal
57559-734 Freitas / RO",1993-05-15,Recepcionista,da Luz,953.93
8879,Larissa Rodrigues,danielvasconcelos@example.com,859.702.614-67,"Favela Cunha, 6
Vila Madre Gertrudes 3ª Seção
64305325 Pimenta / MG",1972-10-15,Co-piloto,Lima S/A,814.7
5166,Beatriz Leão,pastorjoao-lucas@example.com,415.893.706-00,"Vila Maria Alice Ferreira, 8
Aparecida
16230159 Caldeira de Rocha / PA",1970-02-11,Cartazeiro,Cavalcante Fernandes S.A.,675.19
8469,Maria Fernanda da Cunha,pimentaana-julia@example.com,926.450.718-30,"Campo de Cassiano, 72
Colégio Batista
40960141 Lopes / MS",1977-01-23,Ator,Souza,7.23
5681,Fernando Duarte,heloisaalmeida@example.com,842.610.753-26,"Área Thiago Albuquerque
Vila Cemig
07463418 Andrade / AL",1965-09-02,Papiloscopista,Cardoso e Filhos,266.82
5446,Luana Ramos,machadovalentim@example.net,956.180.724-67,"Praça Sales, 8
Primeiro De Maio
23667-119 Pereira / GO",1965-11-23,Infectologista,Almeida Campos e Filhos,193.46
8075,Sr. Liam Sá,ana-sophia35@example.org,361.972.405-99,"Parque Monteiro
Goiania
88579640 Novaes de Costela / GO",1981-09-03,Médico,Marques,767.77
6862,Ian Pinto,duartemaria-vitoria@example.net,795.824.106-20,"Condomínio de Gonçalves
Novo Glória
76543-855 Souza / AC",1963-10-26,Engenheiro de processos,Farias - ME,193.89
7905,Sr. Anthony Gabriel Câmara,estercamargo@example.org,074.983.162-69,"Ladeira de Sampaio, 89
Caetano Furquim
39632-240 Cunha / ES",1974-01-18,Diretor de produção,Moraes,724.13
3407,Beatriz Moura,pedro-henriquecamara@example.org,219.836.407-78,"Feira de Silva, 44
Nova Cintra
47312613 Souza do Campo / PI",1990-10-24,Mergulhador,Montenegro S.A.,913.37
1206,Dra. Laís Garcia,flopes@example.net,201.635.849-15,"Área Isadora Barbosa, 60
Vila Califórnia
39760-423 Cunha / PE",1981-01-19,Bóia-fria,Sousa,592.75
7766,José Machado,matteogomes@example.net,972.605.813-95,"Passarela Ramos
Vila Da Ária
10242529 Silveira / CE",1973-10-02,Intérprete,Camargo Ltda.,43.05
9315,Ana Vitória Pires,eloasantos@example.com,125.684.073-44,"Viaduto de Duarte, 97
Alpes
44415708 Martins da Praia / RJ",1969-12-04,Ciclista,Brito,350.57
4363,Sr. Renan Cirino,cunhaalicia@example.net,496.173.850-66,"Estrada Farias, 671
Caiçaras
37424985 Monteiro de Minas / RS",1988-01-29,Projetista mecânico,da Conceição da Cruz S/A,855.78
6248,Melissa Silva,nferreira@example.net,576.418.230-17,"Praia Isabelly Santos, 31
Vila Maria
19950288 Aparecida / RR",2005-01-27,Corretor de seguros,Guerra,900.94
5745,Marcela Novais,enricobrito@example.net,421.968.073-03,"Estação Pinto, 61
Jardim Felicidade
87509-213 Gomes / MG",2000-04-25,Professor,da Cunha da Mota - ME,818.87
6803,Sr. Oliver Sales,soliveira@example.net,528.734.960-29,"Aeroporto Francisco Lima, 44
Santa Efigênia
75306-934 Farias Paulista / ES",1992-07-27,Judoca,Macedo Dias S/A,128.84
2809,Srta. Ana Sophia Machado,rodriguesasafe@example.org,390.268.754-10,"Esplanada Heloisa Melo, 72
Cidade Nova
44075-593 da Mata dos Dourados / PI",1996-03-29,Técnico em documentação,Andrade S/A,381.64
1444,Antony Fonseca,limadante@example.net,164.927.508-02,"Loteamento Maria Isis da Mata, 41
Nossa Senhora Da Conceição
30931293 Cardoso de Vieira / PE",1960-11-19,Clap loader,Sales,496.52
6783,Noah Silveira,joao-guilhermemontenegro@example.org,360.192.584-24,"Lagoa Rios
Jardim Atlântico
95500-775 Lima / PA",1969-06-11,Radialista programador,da Luz,937.55
9655,Helena Caldeira,portorael@example.com,814.309.275-50,"Praça Maria Clara Alves, 46
Itaipu
38547230 Sales de Minas / MG",1973-09-21,Taxista,Azevedo,46.34
9771,Luiza Vargas,rmontenegro@example.com,503.967.412-07,"Aeroporto Yago Pacheco, 2
Estrela
07617-202 Alves / PI",1988-01-25,Grafologista,Sousa Nogueira - ME,964.33
7260,Vitor Hugo Moreira,camposluigi@example.org,760.394.285-38,"Rua Rios, 329
Leticia
37007393 Sales / AM",1993-04-09,Profissional de informática,Cardoso,238.5
4240,Hadassa Rodrigues,rsilva@example.org,529.803.416-06,"Estrada Nascimento, 416
Funcionários
65449-595 da Rocha / PE",1996-09-19,Hostess,Souza,675.47
3307,Dr. Benjamim Lima,luna94@example.net,235.861.940-05,"Trevo de Andrade, 20
Biquinhas
62592265 Aragão / RN",1962-10-21,Técnico em documentação,Farias Correia S.A.,664.22
6275,Antony Dias,ana-lauramontenegro@example.com,475.930.281-60,"Conjunto Sá
Santa Helena
32605292 Sampaio do Sul / AC",1986-10-02,Odontopediatra,Ferreira Barbosa S.A.,169.9
3582,Liz Pires,montenegrohenry@example.com,904.586.721-49,"Área de Machado
Ambrosina
10845-152 Pinto das Pedras / PB",2007-01-22,Tecnólogo em geoprocessamento,Sá,485.01
4337,Sr. Gustavo Henrique Mendes,britoisadora@example.net,586.793.042-47,"Lagoa de Silva, 50
Unidas
34402403 Vargas / MT",1986-10-15,Capataz,da Rosa,219.12
8036,Júlia Câmara,oliveiravitor@example.net,793.840.251-60,"Aeroporto Guilherme Ramos, 146
Buraco Quente
86721-237 Pimenta / MG",1998-10-20,Espeleologista,Moraes,643.93
4746,Matteo Cunha,bruno56@example.com,821.390.467-22,"Rua Santos, 692
Vila Fumec
87758875 Pastor de Nascimento / GO",1986-04-02,Polidor de produção,Dias Gomes S.A.,494.73
5785,Luísa Peixoto,dgarcia@example.org,693.154.720-80,"Quadra Teixeira, 97
Jaraguá
27386521 Melo / SC",1979-07-01,Guarda ou policial rodoviário,Vieira,217.86
5996,Stella Campos,ybrito@example.org,406.189.372-69,"Lago de Alves, 949
Das Industrias I
17352614 Montenegro / MS",1966-01-23,Angiologista,Gonçalves - ME,414.38
2289,Camila Pires,bruna85@example.org,164.950.783-66,"Fazenda Mendes, 18
Conjunto Floramar
96392-505 da Conceição do Norte / RS",1986-05-29,Promotor de vendas,Vasconcelos S/A,930.19
6744,Srta. Maya Oliveira,rsales@example.org,145.687.290-76,"Setor Cavalcanti, 204
Providencia
50219-285 Castro / PR",1998-01-16,Pintor,Moraes Novaes e Filhos,481.92
9144,Srta. Sabrina Lopes,viniciusleao@example.org,345.962.108-70,"Núcleo de Cavalcanti
Lajedo
43624677 Pereira / AC",1962-03-20,Naturólogo,Fernandes Caldeira e Filhos,362.96
5786,Davi Marques,isis72@example.com,720.189.536-21,"Lago Cavalcante, 3
Vila Bandeirantes
49300430 da Rosa / MG",1996-07-10,Estoquista,Novais Ltda.,476.68
7332,Davi Luiz Santos,milena00@example.net,376.182.940-03,"Estrada Gael Siqueira, 92
Santa Rita De Cássia
89917-299 Casa Grande do Norte / MA",1964-09-28,Secretária,da Luz Teixeira e Filhos,286.48
5291,Mathias Camargo,liamribeiro@example.org,476.031.592-61,"Rua de Silva, 84
Vila Jardim Montanhes
99238-815 Castro do Galho / TO",1996-04-29,Assistente social,Aparecida,554.28
7249,Jade Silveira,tnascimento@example.com,516.873.240-26,"Recanto de Silva, 30
Canaa
94414843 Azevedo / TO",1979-03-15,Laboratorista,Guerra,12.35
9565,Bella Moura,fernandoda-paz@example.net,384.567.190-48,"Estação de Nascimento, 452
Paulo Vi
58482-815 Sales / RN",1989-07-18,Gerente de banco,da Luz da Cruz - EI,113.76
5173,Sarah Aragão,esiqueira@example.org,261.903.854-51,"Ladeira Monteiro
Goiania
79441990 Machado do Amparo / PE",1973-09-30,Jogador de futebol,Jesus,950.62
1311,Evelyn da Luz,vrodrigues@example.com,781.365.240-17,"Feira Moraes, 95
União
63935-463 Costela / MS",1996-03-01,Comandante,Marques Andrade S/A,849.18
8318,José Borges,holiveira@example.com,068.497.351-01,"Chácara Montenegro, 23
Caiçaras
43695-944 Costela / PR",1959-12-25,Contábil,Porto,617.03
5960,Marcela Mendonça,xda-cruz@example.net,561.402.879-01,"Vale de Costela, 969
Candelaria
95103-137 Almeida / RS",1972-09-02,Letrista,Borges,560.24
2188,Maria Cirino,thales02@example.org,832.674.950-83,"Trevo de Pinto, 7
São João
38771443 Aragão / SC",1978-07-04,Marechal,Siqueira - ME,96.34
5141,Luísa Mendonça,camila62@example.org,514.736.290-80,"Pátio de Câmara, 49
Vila Aeroporto Jaraguá
21344-349 Borges / MT",2002-05-03,Produtor de eventos,Sales Ltda.,551.64
3450,Gabrielly Aragão,souzaaurora@example.org,872.596.130-68,"Estação Giovanna Pereira, 71
Jardim Guanabara
55190104 Guerra / TO",1979-12-12,Odontologista preventivo e social,Câmara,500.08
4545,Ayla Melo,vargasjoao-miguel@example.org,894.625.170-02,"Avenida Joaquim Sousa, 930
Chácara Leonina
19433-691 Pinto do Galho / DF",1975-09-23,Limpador de vidros,Costa Ltda.,559.18
2659,Thomas Montenegro,josemacedo@example.org,139.250.684-06,"Via Cirino, 64
Embaúbas
68926-425 Albuquerque do Sul / SP",1999-10-30,Zelador,Aparecida S.A.,194.85
4750,Ana Sophia Sampaio,elisa83@example.net,927.516.043-07,"Largo Ryan da Luz, 55
Vila Copacabana
63996054 Vargas / GO",2001-01-12,Engenheiro de computação,Borges,276.69
7381,Ana Lívia Freitas,yvasconcelos@example.net,782.690.534-65,"Largo de Moraes, 230
Vila Bandeirantes
58323686 da Conceição de Garcia / MG",1983-02-05,Luthier,Sampaio,828.82
8330,Asafe Cirino,maya29@example.org,415.092.867-30,"Via Gabriel Macedo, 65
São Marcos
62475-672 Duarte do Sul / ES",1964-09-19,Boticário,Leão,321.41
3284,Mateus Siqueira,nvargas@example.net,542.380.916-98,"Favela de Pastor, 965
Santa Sofia
19522-499 Vargas do Oeste / RS",1978-08-28,Engenheiro de controle e automação,Rocha,776.16
2603,Theo da Rosa,sophiajesus@example.com,612.358.704-80,"Estrada Luiz Gustavo Machado, 88
Nova Esperança
40905-815 Araújo / SE",1980-03-29,Consultor,Silveira S/A,77.99
8209,Dra. Ana Sousa,alicia69@example.org,163.940.758-84,"Campo Leonardo Duarte, 351
Cidade Jardim Taquaril
06897300 Porto de Pinto / AM",1969-02-27,Massagista,Sales,513.16
3411,Yan Albuquerque,sampaiomiguel@example.net,473.985.261-64,"Lago Casa Grande, 868
Frei Leopoldo
86449700 Ferreira Grande / PE",1994-12-29,Profissional de cinema,Azevedo,307.51
8152,Sr. Bryan Marques,fpereira@example.net,940.582.671-94,"Quadra Pastor
Marmiteiros
10280950 Souza / PA",1995-02-05,Panfleteiro,Gomes Caldeira S/A,100.39
1343,Breno Moura,sfogaca@example.org,654.302.891-24,"Conjunto da Mota
Cardoso
69389307 Fogaça / DF",1992-03-31,Oficial de justiça,Azevedo das Neves - EI,104.0
1237,Ayla Alves,britoluisa@example.net,802.451.976-30,"Conjunto Moraes
Nossa Senhora De Fátima
21015-409 Pimenta / SC",1983-02-16,Matemático,Mendes,220.82
1707,Raul da Mota,martinsalicia@example.com,871.453.690-01,"Praça de Ribeiro
Vila Boa Vista
89092-376 Vasconcelos / PA",2000-03-24,Artista/Técnico em espetáculos de diversões,Albuquerque Costa - ME,14.16
1133,Maria Liz Azevedo,gael-henrique48@example.org,981.452.037-32,"Ladeira Novaes, 8
Morro Dos Macacos
59612766 Nascimento Grande / DF",1969-06-13,Lutador de karatê,Casa Grande,131.31
2678,Yuri Campos,gda-costa@example.net,439.158.206-60,"Loteamento de Caldeira, 33
Pirineus
68941486 Nogueira / RN",1988-02-03,Político,Aragão da Conceição e Filhos,945.86
5332,Ana Beatriz Siqueira,davi-miguelcamara@example.org,178.609.532-77,"Viaduto Thomas Mendonça, 352
Tupi B
72487358 da Conceição / AC",1978-03-05,Prefeito,Machado,996.51
9251,Noah Alves,hcastro@example.org,562.049.381-42,"Praia Vitória Camargo, 49
Paquetá
70879149 da Luz / RN",1978-02-05,Jogador de futebol,Borges,110.43
